{"teams":[{"players":[{"player_name":"Shubman Gill","player_role":2,"player_credits":8.5,"player_image":1},{"player_name":"Sunil Narine","player_role":3,"player_credits":10,"player_image":2},{"player_name":"Nitish Rana","player_role":2,"player_credits":9,"player_image":3},{"player_name":"Eoin Morgan","player_role":2,"player_credits":9,"player_image":4},{"player_name":"Dinesh Karthik","player_role":1,"player_credits":9,"player_image":5},{"player_name":"Andre Russell","player_role":3,"player_credits":10.5,"player_image":6},{"player_name":"Pat Cummins","player_role":4,"player_credits":9,"player_image":7},{"player_name":"Kuldeep Yadav","player_role":4,"player_credits":8.5,"player_image":8},{"player_name":"Shivam Mavi","player_role":4,"player_credits":8,"player_image":9},{"player_name":"Kamlesh Nagarkoti","player_role":4,"player_credits":8,"player_image":10},{"player_name":"Prasidh Krishna","player_role":4,"player_credits":8,"player_image":11},{"player_name":"Rahul Tripathi","player_role":2,"player_credits":8,"player_image":12},{"player_name":"Siddhesh Lad","player_role":2,"player_credits":8,"player_image":13},{"player_name":"Sandeep Warrier","player_role":4,"player_credits":8,"player_image":14},{"player_name":"Nikhil Naik","player_role":1,"player_credits":7.5,"player_image":15},{"player_name":"Chris Green","player_role":4,"player_credits":8,"player_image":16},{"player_name":"Lockie Ferguson","player_role":4,"player_credits":8.5,"player_image":17},{"player_name":"Rinku Singh","player_role":2,"player_credits":8,"player_image":18},{"player_name":"Ali Khan","player_role":4,"player_credits":8,"player_image":19},{"player_name":"Tom Banton","player_role":2,"player_credits":8,"player_image":20},{"player_name":"Varun Chakravarthy","player_role":4,"player_credits":8,"player_image":21},{"player_name":"Manimaran Siddharth","player_role":4,"player_credits":7.5,"player_image":22}],"team_name":"KKR"},{"players":[{"player_name":"Rohit Sharma","player_role":2,"player_credits":10.5,"player_image":23},{"player_name":"Quinton de Kock","player_role":1,"player_credits":9.5,"player_image":24},{"player_name":"Suryakumar Yadav","player_role":2,"player_credits":9,"player_image":25},{"player_name":"Saurabh Tiwary","player_role":2,"player_credits":8,"player_image":26},{"player_name":"Hardik Pandya","player_role":3,"player_credits":9.5,"player_image":27},{"player_name":"Kieron Pollard","player_role":3,"player_credits":9,"player_image":28},{"player_name":"Krunal Pandya","player_role":3,"player_credits":8.5,"player_image":29},{"player_name":"James Pattinson","player_role":4,"player_credits":8,"player_image":30},{"player_name":"Rahul Chahar","player_role":4,"player_credits":8,"player_image":31},{"player_name":"Trent Boult","player_role":4,"player_credits":8.5,"player_image":32},{"player_name":"Jasprit Bumrah","player_role":4,"player_credits":9,"player_image":33},{"player_name":"Chris Lynn","player_role":2,"player_credits":9,"player_image":34},{"player_name":"Aditya Tare","player_role":1,"player_credits":7.5,"player_image":35},{"player_name":"Dhawal Kulkarni","player_role":4,"player_credits":8,"player_image":36},{"player_name":"Mitchell McClenaghan","player_role":4,"player_credits":8.5,"player_image":37},{"player_name":"Nathan Coulter-Nile","player_role":4,"player_credits":8.5,"player_image":38},{"player_name":"Jayant Yadav","player_role":4,"player_credits":8,"player_image":39},{"player_name":"Ishan Kishan","player_role":1,"player_credits":8.5,"player_image":40},{"player_name":"Anmolpreet Singh","player_role":2,"player_credits":8,"player_image":41},{"player_name":"Anukul Roy","player_role":3,"player_credits":8,"player_image":42},{"player_name":"Mohsin Khan","player_role":4,"player_credits":8,"player_image":43},{"player_name":"Sherfane Rutherford","player_role":2,"player_credits":8,"player_image":44},{"player_name":"Digvijay Deshmukh","player_role":4,"player_credits":7.5,"player_image":45},{"player_name":"Prince Balwant Rai","player_role":4,"player_credits":7.5,"player_image":46}],"team_name":"MI"}]}